<application>
  <component name="FileTypeManager" version="18">
    <extensionMap>
      <mapping ext="exe" type="Native" />
      <removed_mapping ext="bash" approved="true" type="Shell Script" />
      <removed_mapping ext="csv" approved="true" type="CSV file" />
      <removed_mapping ext="csv" approved="true" type="CSV/TSV" />
      <removed_mapping ext="ignore" approved="true" type="IgnoreLang file" />
      <removed_mapping ext="sh" approved="true" type="Shell Script" />
      <removed_mapping ext="tsv" approved="true" type="CSV/TSV" />
      <removed_mapping ext="xls" approved="true" type="Native" />
      <removed_mapping ext="xlsx" approved="true" type="Native" />
      <removed_mapping ext="zsh" approved="true" type="Shell Script" />
    </extensionMap>
  </component>
</application>