<application>
  <component name="MaterialThemeConfig">
    <option name="highlightColorEnabled" value="true" />
    <option name="isActiveBoldTab" value="true" />
    <option name="isHighlightColorEnabled" value="true" />
    <option name="pristineConfig" value="false" />
    <option name="tabFontSizeEnabled" value="true" />
    <option name="settingsSelectedTab" value="5" />
    <option name="accentColor" value="009688" />
    <option name="highlightColor" value="88b6db" />
    <option name="userId" value="-5f6e4dd:17b459c9321:-8000" />
    <option name="version" value="6.8.0.1" />
  </component>
</application>