<application>
  <component name="AppStorage">
    <histories>
      <item value="what am I going to put in the session" />
      <item value="Deprecated: Session is a backwards-compatible alias for SessionManager." />
      <item value="ParseGlob creates a new Template and parses the template definitions from the files identified by the pattern. The files are matched according to the semantics of filepath.Match, and the pattern must match at least one file. The returned template will have the (base) name and (parsed) contents of the first file matched by the pattern. ParseGlob is equivalent to calling ParseFiles with the list of files matched by the pattern." />
      <item value="Package quote collects pithy sayings." />
      <item value="it is eventual consistent." />
      <item value="NoSQL: Availability &amp; Partitionability" />
      <item value="SQL: Consistency &amp; Availability" />
      <item value="Struct values encode as JSON objects. Each exported struct field becomes a member of the object...&quot;" />
      <item value="vain" />
      <item value="check to make sure we're not running in vain" />
      <item value="heck to make sure we're not running in vain" />
      <item value="gen is a broken generator that will leak a goroutine." />
      <item value="RFC 2109 was an attempt to codify and fix the original Netscape cookie_spec. In this standard many more special characters are disallowed, as it uses RFC 2616 tokens (a - is still allowed there), and only the value may be specified in a quoted-string with other characters. No browser ever implemented the limitations, the special handling of quoted strings and escaping, or the new features in this spec." />
      <item value="In terms of actual standards, there have been a few attempts to codify cookie behaviour but none thus far actually reflect the real world." />
      <item value="if you have a concrete type, use conversion" />
      <item value="concrete" />
      <item value="Available until explicitly deleted" />
      <item value="Web storage is the relative new comer. There are some articles that talk about it being compromised." />
      <item value="Cookies have been around longer and have been built for secure storage." />
      <item value="wire this program up so that it works" />
      <item value="Glob" />
      <item value="Strip Prefix" />
      <item value="Note that the Go runtime writes to standard error for panics and crashes; closing Stderr may cause those messages to go elsewhere, perhaps to a file opened later." />
      <item value="Stdin, Stdout, and Stderr are open Files pointing to the standard input, standard output, and standard error file descriptors." />
      <item value="ReadString reads until the first occurrence of delim in the input, returning a string containing the data up to and including the delimiter. If ReadString encounters an error before finding a delimiter, it returns the data read before the error and the error itself (often io.EOF). ReadString returns err != nil if and only if the returned data does not end in delim. For simple uses, a Scanner may be more convenient." />
      <item value="Allocate new buffer to hold the full pieces and the fragment." />
      <item value="delim" />
      <item value="reading" />
      <item value="Remember that from the &quot;net&quot; package you first need to LISTEN, then you need to ACCEPT an incoming connection." />
      <item value="a template is parsed and served" />
      <item value="1. Take the previous program in the previous folder and change it so that:" />
      <item value="If f is a function with the appropriate signature" />
      <item value="mux" />
      <item value="Buddha" />
      <item value="concurrency" />
      <item value="Less" />
      <item value="(showName method has pointer receiver" />
      <item value="you are given directed graph consisting of N vertices, numbered from 1 to n, and n edges the graph is described by two arrays, a,b both of length n. a pair a[k],b[k] (for k from 0 to n-1) describes a directed edge from vertex a[k] to vertex b[k] note that the graph might contain self-loops (edges where a[k] = b[k]) and/or multiple edges between the same pair of vertices your task is to check whether the given graph is a cycle. a graph is a cycle if it is possible to start at some vertex and by following the provided edges, visit all the other vertices and return to the starting point" />
      <item value="I think that is a fair limitation of changing gateway instances. I would rather not store that data in UDFs" />
      <item value="when you open the dialer of your phone and start typing a number, you'll probably get search results from the saved contacts for the number you entered. your task is to implement a similar feature. saved contacts are numbered from 0 to n-1. they are represented by to arrays a,b of n strings each. name of k-th contact is a[k] and phone number is b[k] write a function: class solution {public string solution (string[] a, string[] b, string p)} which, given two arrays a and b and a string p of length m representing a partical phone number, returns the contact name whole phone number contain p as a substring, that is a contigous segment example: &quot;436800143&quot; contains as a substring &quot;6800&quot;, but nit &quot;3614&quot; if there is more than one contact matching the search criteria, your function should return the alphabetically smallest contact name. if no match is found your function should return 'NO CONTACT'" />
    </histories>
    <option name="languageScores">
      <map>
        <entry key="ENGLISH" value="37" />
        <entry key="RUSSIAN" value="1" />
        <entry key="FINNISH" value="1" />
        <entry key="ROMANIAN" value="1" />
        <entry key="ITALIAN" value="1" />
        <entry key="VIETNAMESE" value="37" />
      </map>
    </option>
  </component>
  <component name="Cache">
    <option name="lastTrimTime" value="1628937331999" />
  </component>
  <component name="Settings">
    <option name="googleTranslateSettings">
      <google-translate>
        <option name="primaryLanguage" value="VIETNAMESE" />
        <option name="useTranslateGoogleCom" value="true" />
      </google-translate>
    </option>
  </component>
</application>